﻿<?xml version="1.0" encoding="utf-8"?>
<Settings xmlns:xsi="http://www.w3.org/2001/XMLSchema-instance" xmlns:xsd="http://www.w3.org/2001/XMLSchema">
   <General>
      <FileVersion>1</FileVersion>
   </General>
   <Site>
      <ServerID>1</ServerID>
      <DistributorID>11</DistributorID>
      <CustomerID>22</CustomerID>
      <SiteID>12</SiteID>
   </Site>
   <Probes>
      <Probe>
         <Address>012345</Address>
         <ProbeStatus>0</ProbeStatus>
         <AlarmStatus>0</AlarmStatus>
         <TankStatus>0</TankStatus>
         <DateTime>2025-03-01 15.56.35</DateTime>
         <Ullage>13647.12</Ullage>
         <Product>408.6</Product>
         <Water>0</Water>
         <Density>1234.56</Density>
         <Phs></Phs>
         <Discriminator></Discriminator>
		 <Temperatures>
			<Temperature>14.0</Temperature>
			<Temperature>13.6</Temperature>
			<Temperature>14.2</Temperature>
			<Temperature>13.7</Temperature>
			<Temperature>13.3</Temperature>
		 </Temperatures>
      </Probe>
   </Probes>
</Settings>

